CREATE DATABASE QUANLICHUYENGIA

USE QUANLICHUYENGIA

-- Tạo bảng Chuyên gia
CREATE TABLE ChuyenGia (
    MaChuyenGia INT PRIMARY KEY,
    HoTen NVARCHAR(100),
    NgaySinh DATE,
    GioiTinh NVARCHAR(10),
    Email NVARCHAR(100),
    SoDienThoai NVARCHAR(20),
    ChuyenNganh NVARCHAR(50),
    NamKinhNghiem INT
);

-- Tạo bảng Công ty
CREATE TABLE CongTy (
    MaCongTy INT PRIMARY KEY,
    TenCongTy NVARCHAR(100),
    DiaChi NVARCHAR(200),
    LinhVuc NVARCHAR(50),
    SoNhanVien INT
);

-- Tạo bảng Dự án
CREATE TABLE DuAn (
    MaDuAn INT PRIMARY KEY,
    TenDuAn NVARCHAR(200),
    MaCongTy INT,
    NgayBatDau DATE,
    NgayKetThuc DATE,
    TrangThai NVARCHAR(50),
    FOREIGN KEY (MaCongTy) REFERENCES CongTy(MaCongTy)
);

-- Tạo bảng Kỹ năng
CREATE TABLE KyNang (
    MaKyNang INT PRIMARY KEY,
    TenKyNang NVARCHAR(100),
    LoaiKyNang NVARCHAR(50)
);

-- Tạo bảng Chuyên gia - Kỹ năng
CREATE TABLE ChuyenGia_KyNang (
    MaChuyenGia INT,
    MaKyNang INT,
    CapDo INT,
    PRIMARY KEY (MaChuyenGia, MaKyNang),
    FOREIGN KEY (MaChuyenGia) REFERENCES ChuyenGia(MaChuyenGia),
    FOREIGN KEY (MaKyNang) REFERENCES KyNang(MaKyNang)
);

-- Tạo bảng Chuyên gia - Dự án
CREATE TABLE ChuyenGia_DuAn (
    MaChuyenGia INT,
    MaDuAn INT,
    VaiTro NVARCHAR(50),
    NgayThamGia DATE,
    PRIMARY KEY (MaChuyenGia, MaDuAn),
    FOREIGN KEY (MaChuyenGia) REFERENCES ChuyenGia(MaChuyenGia),
    FOREIGN KEY (MaDuAn) REFERENCES DuAn(MaDuAn)
);

-- Chèn dữ liệu mẫu vào bảng Chuyên gia
INSERT INTO ChuyenGia (MaChuyenGia, HoTen, NgaySinh, GioiTinh, Email, SoDienThoai, ChuyenNganh, NamKinhNghiem)
VALUES 
(1, N'Nguyễn Văn An', '1985-05-10', N'Nam', 'nguyenvanan@email.com', '0901234567', N'Phát triển phần mềm', 10),
(2, N'Trần Thị Bình', '1990-08-15', N'Nữ', 'tranthiminh@email.com', '0912345678', N'An ninh mạng', 7),
(3, N'Lê Hoàng Cường', '1988-03-20', N'Nam', 'lehoangcuong@email.com', '0923456789', N'Trí tuệ nhân tạo', 9),
(4, N'Phạm Thị Dung', '1992-11-25', N'Nữ', 'phamthidung@email.com', '0934567890', N'Khoa học dữ liệu', 6),
(5, N'Hoàng Văn Em', '1987-07-30', N'Nam', 'hoangvanem@email.com', '0945678901', N'Điện toán đám mây', 8),
(6, N'Ngô Thị Phượng', '1993-02-14', N'Nữ', 'ngothiphuong@email.com', '0956789012', N'Phân tích dữ liệu', 5),
(7, N'Đặng Văn Giang', '1986-09-05', N'Nam', 'dangvangiang@email.com', '0967890123', N'IoT', 11),
(8, N'Vũ Thị Hương', '1991-12-20', N'Nữ', 'vuthihuong@email.com', '0978901234', N'UX/UI Design', 7),
(9, N'Bùi Văn Inh', '1989-04-15', N'Nam', 'buivaninch@email.com', '0989012345', N'DevOps', 8),
(10, N'Lý Thị Khánh', '1994-06-30', N'Nữ', 'lythikhanh@email.com', '0990123456', N'Blockchain', 4);

-- Chèn dữ liệu mẫu vào bảng Công ty
INSERT INTO CongTy (MaCongTy, TenCongTy, DiaChi, LinhVuc, SoNhanVien)
VALUES 
(1, N'TechViet Solutions', N'123 Đường Lê Lợi, TP.HCM', N'Phát triển phần mềm', 200),
(2, N'DataSmart Analytics', N'456 Đường Nguyễn Huệ, Hà Nội', N'Phân tích dữ liệu', 150),
(3, N'CloudNine Systems', N'789 Đường Trần Hưng Đạo, Đà Nẵng', N'Điện toán đám mây', 100),
(4, N'SecureNet Vietnam', N'101 Đường Võ Văn Tần, TP.HCM', N'An ninh mạng', 80),
(5, N'AI Innovate', N'202 Đường Lý Tự Trọng, Hà Nội', N'Trí tuệ nhân tạo', 120);

-- Chèn dữ liệu mẫu vào bảng Dự án
INSERT INTO DuAn (MaDuAn, TenDuAn, MaCongTy, NgayBatDau, NgayKetThuc, TrangThai)
VALUES 
(1, N'Phát triển ứng dụng di động cho ngân hàng', 1, '2023-01-01', '2023-06-30', N'Hoàn thành'),
(2, N'Xây dựng hệ thống phân tích dữ liệu khách hàng', 2, '2023-03-15', '2023-09-15', N'Đang thực hiện'),
(3, N'Triển khai giải pháp đám mây cho doanh nghiệp', 3, '2023-02-01', '2023-08-31', N'Đang thực hiện'),
(4, N'Nâng cấp hệ thống bảo mật cho tập đoàn viễn thông', 4, '2023-04-01', '2023-10-31', N'Đang thực hiện'),
(5, N'Phát triển chatbot AI cho dịch vụ khách hàng', 5, '2023-05-01', '2023-11-30', N'Đang thực hiện');

-- Chèn dữ liệu mẫu vào bảng Kỹ năng
INSERT INTO KyNang (MaKyNang, TenKyNang, LoaiKyNang)
VALUES 
(1, 'Java', N'Ngôn ngữ lập trình'),
(2, 'Python', N'Ngôn ngữ lập trình'),
(3, 'Machine Learning', N'Công nghệ'),
(4, 'AWS', N'Nền tảng đám mây'),
(5, 'Docker', N'Công cụ'),
(6, 'Kubernetes', N'Công cụ'),
(7, 'SQL', N'Cơ sở dữ liệu'),
(8, 'NoSQL', N'Cơ sở dữ liệu'),
(9, 'React', N'Framework'),
(10, 'Angular', N'Framework');

-- Chèn dữ liệu mẫu vào bảng Chuyên gia - Kỹ năng
INSERT INTO ChuyenGia_KyNang (MaChuyenGia, MaKyNang, CapDo)
VALUES 
(1, 1, 5), (1, 7, 4), (1, 9, 3),
(2, 2, 4), (2, 3, 3), (2, 8, 4),
(3, 2, 5), (3, 3, 5), (3, 4, 3),
(4, 2, 4), (4, 7, 5), (4, 8, 4),
(5, 4, 5), (5, 5, 4), (5, 6, 4),
(6, 2, 4), (6, 3, 3), (6, 7, 5),
(7, 1, 3), (7, 2, 4), (7, 5, 3),
(8, 9, 5), (8, 10, 4),
(9, 5, 5), (9, 6, 5), (9, 4, 4),
(10, 2, 3), (10, 3, 3), (10, 8, 4);

-- Chèn dữ liệu mẫu vào bảng Chuyên gia - Dự án
INSERT INTO ChuyenGia_DuAn (MaChuyenGia, MaDuAn, VaiTro, NgayThamGia)
VALUES 
(1, 1, N'Trưởng nhóm phát triển', '2023-01-01'),
(2, 4, N'Chuyên gia bảo mật', '2023-04-01'),
(3, 5, N'Kỹ sư AI', '2023-05-01'),
(4, 2, N'Chuyên gia phân tích dữ liệu', '2023-03-15'),
(5, 3, N'Kiến trúc sư đám mây', '2023-02-01'),
(6, 2, N'Chuyên gia phân tích dữ liệu', '2023-03-15'),
(7, 3, N'Kỹ sư IoT', '2023-02-01'),
(8, 1, N'Nhà thiết kế UX/UI', '2023-01-01'),
(9, 3, N'Kỹ sư DevOps', '2023-02-01'),
(10, 5, N'Kỹ sư Blockchain', '2023-05-01');

-- 51. Hiển thị tất cả thông tin của bảng ChuyenGia.
SELECT * FROM CHUYENGIA

-- 52. Liệt kê họ tên và email của tất cả chuyên gia.
SELECT HoTen, Email FROM CHUYENGIA

-- 53. Hiển thị tên công ty và số nhân viên của tất cả các công ty.
SELECT TenCongTy, SoNhanVien FROM CongTy

-- 54. Liệt kê tên các dự án đang trong trạng thái 'Đang thực hiện'.


-- 55. Hiển thị tên và loại của tất cả các kỹ năng.
SELECT TenKyNang, LoaiKyNang FROM KyNang

-- 56. Liệt kê họ tên và chuyên ngành của các chuyên gia nam.


-- 57. Hiển thị tên công ty và lĩnh vực của các công ty có trên 150 nhân viên.

-- 58. Liệt kê tên các dự án bắt đầu trong năm 2023.

-- 59. Hiển thị tên kỹ năng thuộc loại 'Công cụ'.

-- 60. Liệt kê họ tên và số năm kinh nghiệm của các chuyên gia có trên 5 năm kinh nghiệm.


-- 61. Hiển thị tên công ty và địa chỉ của các công ty trong lĩnh vực 'Phát triển phần mềm'.

-- 62. Liệt kê tên các dự án có ngày kết thúc trong năm 2023.


-- 63. Hiển thị tên và cấp độ của các kỹ năng trong bảng ChuyenGia_KyNang.

-- 64. Liệt kê mã chuyên gia và vai trò trong các dự án từ bảng ChuyenGia_DuAn.


-- 65. Hiển thị họ tên và ngày sinh của các chuyên gia sinh năm 1990 trở về sau.

-- 66. Liệt kê tên công ty và số nhân viên, sắp xếp theo số nhân viên giảm dần.

-- 67. Hiển thị tên dự án và ngày bắt đầu, sắp xếp theo ngày bắt đầu tăng dần.

-- 68. Liệt kê tên kỹ năng, chỉ hiển thị mỗi tên một lần (loại bỏ trùng lặp).

-- 69. Hiển thị họ tên và email của 5 chuyên gia đầu tiên trong danh sách.


-- 70. Liệt kê tên công ty có chứa từ 'Tech' trong tên.


-- 71. Hiển thị tên dự án và trạng thái, không bao gồm các dự án đã hoàn thành.


-- 72. Liệt kê họ tên và chuyên ngành của các chuyên gia, sắp xếp theo chuyên ngành và họ tên.


-- 73. Hiển thị tên công ty và lĩnh vực, chỉ bao gồm các công ty có từ 100 đến 200 nhân viên.


-- 74. Liệt kê tên kỹ năng và loại kỹ năng, sắp xếp theo loại kỹ năng giảm dần và tên kỹ năng tăng dần.


-- 75. Hiển thị họ tên và số điện thoại của các chuyên gia có email sử dụng tên miền 'email.com'.